STRUCTURE,STRUCTURE_ID,STRUCTURE_NAME,freq,Time frequency,isco08,International Standard Classification of Occupations 2008 (ISCO-08),age,Age class,sex,Sex,unit,Unit of measure,geo,Geopolitical entity (reporting),TIME_PERIOD,Time,OBS_VALUE,Observation value,OBS_FLAG,Observation status (Flag) V2 structure,CONF_STATUS,Confidentiality status (flag)
dataflow,ESTAT:LFSA_EGAI2D(1.0),Employed persons by detailed occupation (ISCO-08 two digit level),A,Annual,NRP,No response,Y20-64,From 20 to 64 years,F,Females,THS_PER,Thousand persons,DE,Germany,2023,,175.5,,,,,
dataflow,ESTAT:LFSA_EGAI2D(1.0),Employed persons by detailed occupation (ISCO-08 two digit level),A,Annual,NRP,No response,Y20-64,From 20 to 64 years,M,Males,THS_PER,Thousand persons,DE,Germany,2023,,205.3,,,,,
dataflow,ESTAT:LFSA_EGAI2D(1.0),Employed persons by detailed occupation (ISCO-08 two digit level),A,Annual,NRP,No response,Y20-64,From 20 to 64 years,T,Total,THS_PER,Thousand persons,DE,Germany,2023,,380.8,,,,,
dataflow,ESTAT:LFSA_EGAI2D(1.0),Employed persons by detailed occupation (ISCO-08 two digit level),A,Annual,OC0,Armed forces occupations,Y20-64,From 20 to 64 years,F,Females,THS_PER,Thousand persons,DE,Germany,2023,,17.7,,u,low reliability,,
dataflow,ESTAT:LFSA_EGAI2D(1.0),Employed persons by detailed occupation (ISCO-08 two digit level),A,Annual,OC0,Armed forces occupations,Y20-64,From 20 to 64 years,M,Males,THS_PER,Thousand persons,DE,Germany,2023,,143.1,,,,,
dataflow,ESTAT:LFSA_EGAI2D(1.0),Employed persons by detailed occupation (ISCO-08 two digit level),A,Annual,OC0,Armed forces occupations,Y20-64,From 20 to 64 years,T,Total,THS_PER,Thousand persons,DE,Germany,2023,,160.8,,,,,
dataflow,ESTAT:LFSA_EGAI2D(1.0),Employed persons by detailed occupation (ISCO-08 two digit level),A,Annual,OC01,Commissioned armed forces officers,Y20-64,From 20 to 64 years,F,Females,THS_PER,Thousand persons,DE,Germany,2023,,,,u,low reliability,,
dataflow,ESTAT:LFSA_EGAI2D(1.0),Employed persons by detailed occupation (ISCO-08 two digit level),A,Annual,OC01,Commissioned armed forces officers,Y20-64,From 20 to 64 years,M,Males,THS_PER,Thousand persons,DE,Germany,2023,,,,u,low reliability,,
dataflow,ESTAT:LFSA_EGAI2D(1.0),Employed persons by detailed occupation (ISCO-08 two digit level),A,Annual,OC01,Commissioned armed forces officers,Y20-64,From 20 to 64 years,T,Total,THS_PER,Thousand persons,DE,Germany,2023,,,,u,low reliability,,
dataflow,ESTAT:LFSA_EGAI2D(1.0),Employed persons by detailed occupation (ISCO-08 two digit level),A,Annual,OC02,Non-commissioned armed forces officers,Y20-64,From 20 to 64 years,F,Females,THS_PER,Thousand persons,DE,Germany,2023,,,,u,low reliability,,
dataflow,ESTAT:LFSA_EGAI2D(1.0),Employed persons by detailed occupation (ISCO-08 two digit level),A,Annual,OC02,Non-commissioned armed forces officers,Y20-64,From 20 to 64 years,M,Males,THS_PER,Thousand persons,DE,Germany,2023,,,,u,low reliability,,
dataflow,ESTAT:LFSA_EGAI2D(1.0),Employed persons by detailed occupation (ISCO-08 two digit level),A,Annual,OC02,Non-commissioned armed forces officers,Y20-64,From 20 to 64 years,T,Total,THS_PER,Thousand persons,DE,Germany,2023,,,,u,low reliability,,
dataflow,ESTAT:LFSA_EGAI2D(1.0),Employed persons by detailed occupation (ISCO-08 two digit level),A,Annual,OC03,"Armed forces occupations, other ranks",Y20-64,From 20 to 64 years,F,Females,THS_PER,Thousand persons,DE,Germany,2023,,16.1,,u,low reliability,,
dataflow,ESTAT:LFSA_EGAI2D(1.0),Employed persons by detailed occupation (ISCO-08 two digit level),A,Annual,OC03,"Armed forces occupations, other ranks",Y20-64,From 20 to 64 years,M,Males,THS_PER,Thousand persons,DE,Germany,2023,,130.7,,,,,
dataflow,ESTAT:LFSA_EGAI2D(1.0),Employed persons by detailed occupation (ISCO-08 two digit level),A,Annual,OC03,"Armed forces occupations, other ranks",Y20-64,From 20 to 64 years,T,Total,THS_PER,Thousand persons,DE,Germany,2023,,146.8,,,,,
dataflow,ESTAT:LFSA_EGAI2D(1.0),Employed persons by detailed occupation (ISCO-08 two digit level),A,Annual,OC1,Managers,Y20-64,From 20 to 64 years,F,Females,THS_PER,Thousand persons,DE,Germany,2023,,503.1,,,,,
dataflow,ESTAT:LFSA_EGAI2D(1.0),Employed persons by detailed occupation (ISCO-08 two digit level),A,Annual,OC1,Managers,Y20-64,From 20 to 64 years,M,Males,THS_PER,Thousand persons,DE,Germany,2023,,1225.9,,,,,
dataflow,ESTAT:LFSA_EGAI2D(1.0),Employed persons by detailed occupation (ISCO-08 two digit level),A,Annual,OC1,Managers,Y20-64,From 20 to 64 years,T,Total,THS_PER,Thousand persons,DE,Germany,2023,,1729.0,,,,,
dataflow,ESTAT:LFSA_EGAI2D(1.0),Employed persons by detailed occupation (ISCO-08 two digit level),A,Annual,OC11,"Chief executives, senior officials and legislators",Y20-64,From 20 to 64 years,F,Females,THS_PER,Thousand persons,DE,Germany,2023,,118.4,,,,,
dataflow,ESTAT:LFSA_EGAI2D(1.0),Employed persons by detailed occupation (ISCO-08 two digit level),A,Annual,OC11,"Chief executives, senior officials and legislators",Y20-64,From 20 to 64 years,M,Males,THS_PER,Thousand persons,DE,Germany,2023,,429.5,,,,,
dataflow,ESTAT:LFSA_EGAI2D(1.0),Employed persons by detailed occupation (ISCO-08 two digit level),A,Annual,OC11,"Chief executives, senior officials and legislators",Y20-64,From 20 to 64 years,T,Total,THS_PER,Thousand persons,DE,Germany,2023,,547.9,,,,,
dataflow,ESTAT:LFSA_EGAI2D(1.0),Employed persons by detailed occupation (ISCO-08 two digit level),A,Annual,OC12,Administrative and commercial managers,Y20-64,From 20 to 64 years,F,Females,THS_PER,Thousand persons,DE,Germany,2023,,152.1,,,,,
dataflow,ESTAT:LFSA_EGAI2D(1.0),Employed persons by detailed occupation (ISCO-08 two digit level),A,Annual,OC12,Administrative and commercial managers,Y20-64,From 20 to 64 years,M,Males,THS_PER,Thousand persons,DE,Germany,2023,,316.5,,,,,
dataflow,ESTAT:LFSA_EGAI2D(1.0),Employed persons by detailed occupation (ISCO-08 two digit level),A,Annual,OC12,Administrative and commercial managers,Y20-64,From 20 to 64 years,T,Total,THS_PER,Thousand persons,DE,Germany,2023,,468.5,,,,,
dataflow,ESTAT:LFSA_EGAI2D(1.0),Employed persons by detailed occupation (ISCO-08 two digit level),A,Annual,OC13,Production and specialised services managers,Y20-64,From 20 to 64 years,F,Females,THS_PER,Thousand persons,DE,Germany,2023,,140.9,,,,,
dataflow,ESTAT:LFSA_EGAI2D(1.0),Employed persons by detailed occupation (ISCO-08 two digit level),A,Annual,OC13,Production and specialised services managers,Y20-64,From 20 to 64 years,M,Males,THS_PER,Thousand persons,DE,Germany,2023,,358.2,,,,,
dataflow,ESTAT:LFSA_EGAI2D(1.0),Employed persons by detailed occupation (ISCO-08 two digit level),A,Annual,OC13,Production and specialised services managers,Y20-64,From 20 to 64 years,T,Total,THS_PER,Thousand persons,DE,Germany,2023,,499.1,,,,,
dataflow,ESTAT:LFSA_EGAI2D(1.0),Employed persons by detailed occupation (ISCO-08 two digit level),A,Annual,OC14,"Hospitality, retail and other services managers",Y20-64,From 20 to 64 years,F,Females,THS_PER,Thousand persons,DE,Germany,2023,,91.7,,,,,
dataflow,ESTAT:LFSA_EGAI2D(1.0),Employed persons by detailed occupation (ISCO-08 two digit level),A,Annual,OC14,"Hospitality, retail and other services managers",Y20-64,From 20 to 64 years,M,Males,THS_PER,Thousand persons,DE,Germany,2023,,121.8,,,,,
dataflow,ESTAT:LFSA_EGAI2D(1.0),Employed persons by detailed occupation (ISCO-08 two digit level),A,Annual,OC14,"Hospitality, retail and other services managers",Y20-64,From 20 to 64 years,T,Total,THS_PER,Thousand persons,DE,Germany,2023,,213.5,,,,,
dataflow,ESTAT:LFSA_EGAI2D(1.0),Employed persons by detailed occupation (ISCO-08 two digit level),A,Annual,OC2,Professionals,Y20-64,From 20 to 64 years,F,Females,THS_PER,Thousand persons,DE,Germany,2023,,4640.4,,,,,
dataflow,ESTAT:LFSA_EGAI2D(1.0),Employed persons by detailed occupation (ISCO-08 two digit level),A,Annual,OC2,Professionals,Y20-64,From 20 to 64 years,M,Males,THS_PER,Thousand persons,DE,Germany,2023,,4497.1,,,,,
dataflow,ESTAT:LFSA_EGAI2D(1.0),Employed persons by detailed occupation (ISCO-08 two digit level),A,Annual,OC2,Professionals,Y20-64,From 20 to 64 years,T,Total,THS_PER,Thousand persons,DE,Germany,2023,,9137.5,,,,,
dataflow,ESTAT:LFSA_EGAI2D(1.0),Employed persons by detailed occupation (ISCO-08 two digit level),A,Annual,OC21,Science and engineering professionals,Y20-64,From 20 to 64 years,F,Females,THS_PER,Thousand persons,DE,Germany,2023,,454.7,,,,,
dataflow,ESTAT:LFSA_EGAI2D(1.0),Employed persons by detailed occupation (ISCO-08 two digit level),A,Annual,OC21,Science and engineering professionals,Y20-64,From 20 to 64 years,M,Males,THS_PER,Thousand persons,DE,Germany,2023,,1253.9,,,,,
dataflow,ESTAT:LFSA_EGAI2D(1.0),Employed persons by detailed occupation (ISCO-08 two digit level),A,Annual,OC21,Science and engineering professionals,Y20-64,From 20 to 64 years,T,Total,THS_PER,Thousand persons,DE,Germany,2023,,1708.6,,,,,
dataflow,ESTAT:LFSA_EGAI2D(1.0),Employed persons by detailed occupation (ISCO-08 two digit level),A,Annual,OC22,Health professionals,Y20-64,From 20 to 64 years,F,Females,THS_PER,Thousand persons,DE,Germany,2023,,654.8,,,,,
dataflow,ESTAT:LFSA_EGAI2D(1.0),Employed persons by detailed occupation (ISCO-08 two digit level),A,Annual,OC22,Health professionals,Y20-64,From 20 to 64 years,M,Males,THS_PER,Thousand persons,DE,Germany,2023,,322.6,,,,,
dataflow,ESTAT:LFSA_EGAI2D(1.0),Employed persons by detailed occupation (ISCO-08 two digit level),A,Annual,OC22,Health professionals,Y20-64,From 20 to 64 years,T,Total,THS_PER,Thousand persons,DE,Germany,2023,,977.4,,,,,
dataflow,ESTAT:LFSA_EGAI2D(1.0),Employed persons by detailed occupation (ISCO-08 two digit level),A,Annual,OC23,Teaching professionals,Y20-64,From 20 to 64 years,F,Females,THS_PER,Thousand persons,DE,Germany,2023,,1766.4,,,,,
dataflow,ESTAT:LFSA_EGAI2D(1.0),Employed persons by detailed occupation (ISCO-08 two digit level),A,Annual,OC23,Teaching professionals,Y20-64,From 20 to 64 years,M,Males,THS_PER,Thousand persons,DE,Germany,2023,,666.5,,,,,
dataflow,ESTAT:LFSA_EGAI2D(1.0),Employed persons by detailed occupation (ISCO-08 two digit level),A,Annual,OC23,Teaching professionals,Y20-64,From 20 to 64 years,T,Total,THS_PER,Thousand persons,DE,Germany,2023,,2433.0,,,,,
dataflow,ESTAT:LFSA_EGAI2D(1.0),Employed persons by detailed occupation (ISCO-08 two digit level),A,Annual,OC24,Business and administration professionals,Y20-64,From 20 to 64 years,F,Females,THS_PER,Thousand persons,DE,Germany,2023,,772.2,,,,,
dataflow,ESTAT:LFSA_EGAI2D(1.0),Employed persons by detailed occupation (ISCO-08 two digit level),A,Annual,OC24,Business and administration professionals,Y20-64,From 20 to 64 years,M,Males,THS_PER,Thousand persons,DE,Germany,2023,,907.3,,,,,
dataflow,ESTAT:LFSA_EGAI2D(1.0),Employed persons by detailed occupation (ISCO-08 two digit level),A,Annual,OC24,Business and administration professionals,Y20-64,From 20 to 64 years,T,Total,THS_PER,Thousand persons,DE,Germany,2023,,1679.5,,,,,
dataflow,ESTAT:LFSA_EGAI2D(1.0),Employed persons by detailed occupation (ISCO-08 two digit level),A,Annual,OC25,Information and communications technology professionals,Y20-64,From 20 to 64 years,F,Females,THS_PER,Thousand persons,DE,Germany,2023,,179.8,,,,,
dataflow,ESTAT:LFSA_EGAI2D(1.0),Employed persons by detailed occupation (ISCO-08 two digit level),A,Annual,OC25,Information and communications technology professionals,Y20-64,From 20 to 64 years,M,Males,THS_PER,Thousand persons,DE,Germany,2023,,840.4,,,,,
dataflow,ESTAT:LFSA_EGAI2D(1.0),Employed persons by detailed occupation (ISCO-08 two digit level),A,Annual,OC25,Information and communications technology professionals,Y20-64,From 20 to 64 years,T,Total,THS_PER,Thousand persons,DE,Germany,2023,,1020.2,,,,,
dataflow,ESTAT:LFSA_EGAI2D(1.0),Employed persons by detailed occupation (ISCO-08 two digit level),A,Annual,OC26,"Legal, social and cultural professionals",Y20-64,From 20 to 64 years,F,Females,THS_PER,Thousand persons,DE,Germany,2023,,812.5,,,,,
dataflow,ESTAT:LFSA_EGAI2D(1.0),Employed persons by detailed occupation (ISCO-08 two digit level),A,Annual,OC26,"Legal, social and cultural professionals",Y20-64,From 20 to 64 years,M,Males,THS_PER,Thousand persons,DE,Germany,2023,,506.2,,,,,
dataflow,ESTAT:LFSA_EGAI2D(1.0),Employed persons by detailed occupation (ISCO-08 two digit level),A,Annual,OC26,"Legal, social and cultural professionals",Y20-64,From 20 to 64 years,T,Total,THS_PER,Thousand persons,DE,Germany,2023,,1318.7,,,,,
dataflow,ESTAT:LFSA_EGAI2D(1.0),Employed persons by detailed occupation (ISCO-08 two digit level),A,Annual,OC3,Technicians and associate professionals,Y20-64,From 20 to 64 years,F,Females,THS_PER,Thousand persons,DE,Germany,2023,,4271.1,,,,,
dataflow,ESTAT:LFSA_EGAI2D(1.0),Employed persons by detailed occupation (ISCO-08 two digit level),A,Annual,OC3,Technicians and associate professionals,Y20-64,From 20 to 64 years,M,Males,THS_PER,Thousand persons,DE,Germany,2023,,3618.6,,,,,
dataflow,ESTAT:LFSA_EGAI2D(1.0),Employed persons by detailed occupation (ISCO-08 two digit level),A,Annual,OC3,Technicians and associate professionals,Y20-64,From 20 to 64 years,T,Total,THS_PER,Thousand persons,DE,Germany,2023,,7889.7,,,,,
dataflow,ESTAT:LFSA_EGAI2D(1.0),Employed persons by detailed occupation (ISCO-08 two digit level),A,Annual,OC31,Science and engineering associate professionals,Y20-64,From 20 to 64 years,F,Females,THS_PER,Thousand persons,DE,Germany,2023,,346.8,,,,,
dataflow,ESTAT:LFSA_EGAI2D(1.0),Employed persons by detailed occupation (ISCO-08 two digit level),A,Annual,OC31,Science and engineering associate professionals,Y20-64,From 20 to 64 years,M,Males,THS_PER,Thousand persons,DE,Germany,2023,,1362.0,,,,,
dataflow,ESTAT:LFSA_EGAI2D(1.0),Employed persons by detailed occupation (ISCO-08 two digit level),A,Annual,OC31,Science and engineering associate professionals,Y20-64,From 20 to 64 years,T,Total,THS_PER,Thousand persons,DE,Germany,2023,,1708.8,,,,,
dataflow,ESTAT:LFSA_EGAI2D(1.0),Employed persons by detailed occupation (ISCO-08 two digit level),A,Annual,OC32,Health associate professionals,Y20-64,From 20 to 64 years,F,Females,THS_PER,Thousand persons,DE,Germany,2023,,2080.8,,,,,
dataflow,ESTAT:LFSA_EGAI2D(1.0),Employed persons by detailed occupation (ISCO-08 two digit level),A,Annual,OC32,Health associate professionals,Y20-64,From 20 to 64 years,M,Males,THS_PER,Thousand persons,DE,Germany,2023,,433.5,,,,,
dataflow,ESTAT:LFSA_EGAI2D(1.0),Employed persons by detailed occupation (ISCO-08 two digit level),A,Annual,OC32,Health associate professionals,Y20-64,From 20 to 64 years,T,Total,THS_PER,Thousand persons,DE,Germany,2023,,2514.4,,,,,
dataflow,ESTAT:LFSA_EGAI2D(1.0),Employed persons by detailed occupation (ISCO-08 two digit level),A,Annual,OC33,Business and administration associate professionals,Y20-64,From 20 to 64 years,F,Females,THS_PER,Thousand persons,DE,Germany,2023,,1525.1,,,,,
dataflow,ESTAT:LFSA_EGAI2D(1.0),Employed persons by detailed occupation (ISCO-08 two digit level),A,Annual,OC33,Business and administration associate professionals,Y20-64,From 20 to 64 years,M,Males,THS_PER,Thousand persons,DE,Germany,2023,,1328.1,,,,,
dataflow,ESTAT:LFSA_EGAI2D(1.0),Employed persons by detailed occupation (ISCO-08 two digit level),A,Annual,OC33,Business and administration associate professionals,Y20-64,From 20 to 64 years,T,Total,THS_PER,Thousand persons,DE,Germany,2023,,2853.1,,,,,
dataflow,ESTAT:LFSA_EGAI2D(1.0),Employed persons by detailed occupation (ISCO-08 two digit level),A,Annual,OC34,"Legal, social, cultural and related associate professionals",Y20-64,From 20 to 64 years,F,Females,THS_PER,Thousand persons,DE,Germany,2023,,275.7,,,,,
dataflow,ESTAT:LFSA_EGAI2D(1.0),Employed persons by detailed occupation (ISCO-08 two digit level),A,Annual,OC34,"Legal, social, cultural and related associate professionals",Y20-64,From 20 to 64 years,M,Males,THS_PER,Thousand persons,DE,Germany,2023,,230.7,,,,,
dataflow,ESTAT:LFSA_EGAI2D(1.0),Employed persons by detailed occupation (ISCO-08 two digit level),A,Annual,OC34,"Legal, social, cultural and related associate professionals",Y20-64,From 20 to 64 years,T,Total,THS_PER,Thousand persons,DE,Germany,2023,,506.4,,,,,
dataflow,ESTAT:LFSA_EGAI2D(1.0),Employed persons by detailed occupation (ISCO-08 two digit level),A,Annual,OC35,Information and communications technicians,Y20-64,From 20 to 64 years,F,Females,THS_PER,Thousand persons,DE,Germany,2023,,42.8,,,,,
dataflow,ESTAT:LFSA_EGAI2D(1.0),Employed persons by detailed occupation (ISCO-08 two digit level),A,Annual,OC35,Information and communications technicians,Y20-64,From 20 to 64 years,M,Males,THS_PER,Thousand persons,DE,Germany,2023,,264.4,,,,,
dataflow,ESTAT:LFSA_EGAI2D(1.0),Employed persons by detailed occupation (ISCO-08 two digit level),A,Annual,OC35,Information and communications technicians,Y20-64,From 20 to 64 years,T,Total,THS_PER,Thousand persons,DE,Germany,2023,,307.1,,,,,
dataflow,ESTAT:LFSA_EGAI2D(1.0),Employed persons by detailed occupation (ISCO-08 two digit level),A,Annual,OC4,Clerical support workers,Y20-64,From 20 to 64 years,F,Females,THS_PER,Thousand persons,DE,Germany,2023,,3438.2,,,,,
dataflow,ESTAT:LFSA_EGAI2D(1.0),Employed persons by detailed occupation (ISCO-08 two digit level),A,Annual,OC4,Clerical support workers,Y20-64,From 20 to 64 years,M,Males,THS_PER,Thousand persons,DE,Germany,2023,,1782.7,,,,,
dataflow,ESTAT:LFSA_EGAI2D(1.0),Employed persons by detailed occupation (ISCO-08 two digit level),A,Annual,OC4,Clerical support workers,Y20-64,From 20 to 64 years,T,Total,THS_PER,Thousand persons,DE,Germany,2023,,5220.9,,,,,
dataflow,ESTAT:LFSA_EGAI2D(1.0),Employed persons by detailed occupation (ISCO-08 two digit level),A,Annual,OC41,General and keyboard clerks,Y20-64,From 20 to 64 years,F,Females,THS_PER,Thousand persons,DE,Germany,2023,,2136.8,,,,,
dataflow,ESTAT:LFSA_EGAI2D(1.0),Employed persons by detailed occupation (ISCO-08 two digit level),A,Annual,OC41,General and keyboard clerks,Y20-64,From 20 to 64 years,M,Males,THS_PER,Thousand persons,DE,Germany,2023,,558.6,,,,,
dataflow,ESTAT:LFSA_EGAI2D(1.0),Employed persons by detailed occupation (ISCO-08 two digit level),A,Annual,OC41,General and keyboard clerks,Y20-64,From 20 to 64 years,T,Total,THS_PER,Thousand persons,DE,Germany,2023,,2695.5,,,,,
dataflow,ESTAT:LFSA_EGAI2D(1.0),Employed persons by detailed occupation (ISCO-08 two digit level),A,Annual,OC42,Customer services clerks,Y20-64,From 20 to 64 years,F,Females,THS_PER,Thousand persons,DE,Germany,2023,,386.4,,,,,
dataflow,ESTAT:LFSA_EGAI2D(1.0),Employed persons by detailed occupation (ISCO-08 two digit level),A,Annual,OC42,Customer services clerks,Y20-64,From 20 to 64 years,M,Males,THS_PER,Thousand persons,DE,Germany,2023,,208.2,,,,,
dataflow,ESTAT:LFSA_EGAI2D(1.0),Employed persons by detailed occupation (ISCO-08 two digit level),A,Annual,OC42,Customer services clerks,Y20-64,From 20 to 64 years,T,Total,THS_PER,Thousand persons,DE,Germany,2023,,594.6,,,,,
dataflow,ESTAT:LFSA_EGAI2D(1.0),Employed persons by detailed occupation (ISCO-08 two digit level),A,Annual,OC43,Numerical and material recording clerks,Y20-64,From 20 to 64 years,F,Females,THS_PER,Thousand persons,DE,Germany,2023,,647.6,,,,,
dataflow,ESTAT:LFSA_EGAI2D(1.0),Employed persons by detailed occupation (ISCO-08 two digit level),A,Annual,OC43,Numerical and material recording clerks,Y20-64,From 20 to 64 years,M,Males,THS_PER,Thousand persons,DE,Germany,2023,,851.0,,,,,
dataflow,ESTAT:LFSA_EGAI2D(1.0),Employed persons by detailed occupation (ISCO-08 two digit level),A,Annual,OC43,Numerical and material recording clerks,Y20-64,From 20 to 64 years,T,Total,THS_PER,Thousand persons,DE,Germany,2023,,1498.6,,,,,
dataflow,ESTAT:LFSA_EGAI2D(1.0),Employed persons by detailed occupation (ISCO-08 two digit level),A,Annual,OC44,Other clerical support workers,Y20-64,From 20 to 64 years,F,Females,THS_PER,Thousand persons,DE,Germany,2023,,267.3,,,,,
dataflow,ESTAT:LFSA_EGAI2D(1.0),Employed persons by detailed occupation (ISCO-08 two digit level),A,Annual,OC44,Other clerical support workers,Y20-64,From 20 to 64 years,M,Males,THS_PER,Thousand persons,DE,Germany,2023,,164.8,,,,,
dataflow,ESTAT:LFSA_EGAI2D(1.0),Employed persons by detailed occupation (ISCO-08 two digit level),A,Annual,OC44,Other clerical support workers,Y20-64,From 20 to 64 years,T,Total,THS_PER,Thousand persons,DE,Germany,2023,,432.1,,,,,
dataflow,ESTAT:LFSA_EGAI2D(1.0),Employed persons by detailed occupation (ISCO-08 two digit level),A,Annual,OC5,Service and sales workers,Y20-64,From 20 to 64 years,F,Females,THS_PER,Thousand persons,DE,Germany,2023,,3277.0,,,,,
dataflow,ESTAT:LFSA_EGAI2D(1.0),Employed persons by detailed occupation (ISCO-08 two digit level),A,Annual,OC5,Service and sales workers,Y20-64,From 20 to 64 years,M,Males,THS_PER,Thousand persons,DE,Germany,2023,,1976.2,,,,,
dataflow,ESTAT:LFSA_EGAI2D(1.0),Employed persons by detailed occupation (ISCO-08 two digit level),A,Annual,OC5,Service and sales workers,Y20-64,From 20 to 64 years,T,Total,THS_PER,Thousand persons,DE,Germany,2023,,5253.2,,,,,
dataflow,ESTAT:LFSA_EGAI2D(1.0),Employed persons by detailed occupation (ISCO-08 two digit level),A,Annual,OC51,Personal service workers,Y20-64,From 20 to 64 years,F,Females,THS_PER,Thousand persons,DE,Germany,2023,,981.8,,,,,
dataflow,ESTAT:LFSA_EGAI2D(1.0),Employed persons by detailed occupation (ISCO-08 two digit level),A,Annual,OC51,Personal service workers,Y20-64,From 20 to 64 years,M,Males,THS_PER,Thousand persons,DE,Germany,2023,,764.5,,,,,
dataflow,ESTAT:LFSA_EGAI2D(1.0),Employed persons by detailed occupation (ISCO-08 two digit level),A,Annual,OC51,Personal service workers,Y20-64,From 20 to 64 years,T,Total,THS_PER,Thousand persons,DE,Germany,2023,,1746.3,,,,,
dataflow,ESTAT:LFSA_EGAI2D(1.0),Employed persons by detailed occupation (ISCO-08 two digit level),A,Annual,OC52,Sales workers,Y20-64,From 20 to 64 years,F,Females,THS_PER,Thousand persons,DE,Germany,2023,,1560.3,,,,,
dataflow,ESTAT:LFSA_EGAI2D(1.0),Employed persons by detailed occupation (ISCO-08 two digit level),A,Annual,OC52,Sales workers,Y20-64,From 20 to 64 years,M,Males,THS_PER,Thousand persons,DE,Germany,2023,,726.7,,,,,
dataflow,ESTAT:LFSA_EGAI2D(1.0),Employed persons by detailed occupation (ISCO-08 two digit level),A,Annual,OC52,Sales workers,Y20-64,From 20 to 64 years,T,Total,THS_PER,Thousand persons,DE,Germany,2023,,2287.0,,,,,
dataflow,ESTAT:LFSA_EGAI2D(1.0),Employed persons by detailed occupation (ISCO-08 two digit level),A,Annual,OC53,Personal care workers,Y20-64,From 20 to 64 years,F,Females,THS_PER,Thousand persons,DE,Germany,2023,,620.6,,,,,
dataflow,ESTAT:LFSA_EGAI2D(1.0),Employed persons by detailed occupation (ISCO-08 two digit level),A,Annual,OC53,Personal care workers,Y20-64,From 20 to 64 years,M,Males,THS_PER,Thousand persons,DE,Germany,2023,,108.2,,,,,
dataflow,ESTAT:LFSA_EGAI2D(1.0),Employed persons by detailed occupation (ISCO-08 two digit level),A,Annual,OC53,Personal care workers,Y20-64,From 20 to 64 years,T,Total,THS_PER,Thousand persons,DE,Germany,2023,,728.8,,,,,
dataflow,ESTAT:LFSA_EGAI2D(1.0),Employed persons by detailed occupation (ISCO-08 two digit level),A,Annual,OC54,Protective services workers,Y20-64,From 20 to 64 years,F,Females,THS_PER,Thousand persons,DE,Germany,2023,,114.3,,,,,
dataflow,ESTAT:LFSA_EGAI2D(1.0),Employed persons by detailed occupation (ISCO-08 two digit level),A,Annual,OC54,Protective services workers,Y20-64,From 20 to 64 years,M,Males,THS_PER,Thousand persons,DE,Germany,2023,,376.8,,,,,
dataflow,ESTAT:LFSA_EGAI2D(1.0),Employed persons by detailed occupation (ISCO-08 two digit level),A,Annual,OC54,Protective services workers,Y20-64,From 20 to 64 years,T,Total,THS_PER,Thousand persons,DE,Germany,2023,,491.1,,,,,
dataflow,ESTAT:LFSA_EGAI2D(1.0),Employed persons by detailed occupation (ISCO-08 two digit level),A,Annual,OC6,"Skilled agricultural, forestry and fishery workers",Y20-64,From 20 to 64 years,F,Females,THS_PER,Thousand persons,DE,Germany,2023,,100.4,,,,,
dataflow,ESTAT:LFSA_EGAI2D(1.0),Employed persons by detailed occupation (ISCO-08 two digit level),A,Annual,OC6,"Skilled agricultural, forestry and fishery workers",Y20-64,From 20 to 64 years,M,Males,THS_PER,Thousand persons,DE,Germany,2023,,383.3,,,,,
dataflow,ESTAT:LFSA_EGAI2D(1.0),Employed persons by detailed occupation (ISCO-08 two digit level),A,Annual,OC6,"Skilled agricultural, forestry and fishery workers",Y20-64,From 20 to 64 years,T,Total,THS_PER,Thousand persons,DE,Germany,2023,,483.7,,,,,
dataflow,ESTAT:LFSA_EGAI2D(1.0),Employed persons by detailed occupation (ISCO-08 two digit level),A,Annual,OC61,Market-oriented skilled agricultural workers,Y20-64,From 20 to 64 years,F,Females,THS_PER,Thousand persons,DE,Germany,2023,,97.1,,,,,
dataflow,ESTAT:LFSA_EGAI2D(1.0),Employed persons by detailed occupation (ISCO-08 two digit level),A,Annual,OC61,Market-oriented skilled agricultural workers,Y20-64,From 20 to 64 years,M,Males,THS_PER,Thousand persons,DE,Germany,2023,,364.3,,,,,
dataflow,ESTAT:LFSA_EGAI2D(1.0),Employed persons by detailed occupation (ISCO-08 two digit level),A,Annual,OC61,Market-oriented skilled agricultural workers,Y20-64,From 20 to 64 years,T,Total,THS_PER,Thousand persons,DE,Germany,2023,,461.4,,,,,
dataflow,ESTAT:LFSA_EGAI2D(1.0),Employed persons by detailed occupation (ISCO-08 two digit level),A,Annual,OC62,"Market-oriented skilled forestry, fishery and hunting workers",Y20-64,From 20 to 64 years,F,Females,THS_PER,Thousand persons,DE,Germany,2023,,,,u,low reliability,,
dataflow,ESTAT:LFSA_EGAI2D(1.0),Employed persons by detailed occupation (ISCO-08 two digit level),A,Annual,OC62,"Market-oriented skilled forestry, fishery and hunting workers",Y20-64,From 20 to 64 years,M,Males,THS_PER,Thousand persons,DE,Germany,2023,,19.0,,u,low reliability,,
dataflow,ESTAT:LFSA_EGAI2D(1.0),Employed persons by detailed occupation (ISCO-08 two digit level),A,Annual,OC62,"Market-oriented skilled forestry, fishery and hunting workers",Y20-64,From 20 to 64 years,T,Total,THS_PER,Thousand persons,DE,Germany,2023,,22.3,,u,low reliability,,
dataflow,ESTAT:LFSA_EGAI2D(1.0),Employed persons by detailed occupation (ISCO-08 two digit level),A,Annual,OC7,Craft and related trades workers,Y20-64,From 20 to 64 years,F,Females,THS_PER,Thousand persons,DE,Germany,2023,,422.2,,,,,
dataflow,ESTAT:LFSA_EGAI2D(1.0),Employed persons by detailed occupation (ISCO-08 two digit level),A,Annual,OC7,Craft and related trades workers,Y20-64,From 20 to 64 years,M,Males,THS_PER,Thousand persons,DE,Germany,2023,,3759.6,,,,,
dataflow,ESTAT:LFSA_EGAI2D(1.0),Employed persons by detailed occupation (ISCO-08 two digit level),A,Annual,OC7,Craft and related trades workers,Y20-64,From 20 to 64 years,T,Total,THS_PER,Thousand persons,DE,Germany,2023,,4181.8,,,,,
dataflow,ESTAT:LFSA_EGAI2D(1.0),Employed persons by detailed occupation (ISCO-08 two digit level),A,Annual,OC71,"Building and related trades workers, excluding electricians",Y20-64,From 20 to 64 years,F,Females,THS_PER,Thousand persons,DE,Germany,2023,,32.3,,,,,
dataflow,ESTAT:LFSA_EGAI2D(1.0),Employed persons by detailed occupation (ISCO-08 two digit level),A,Annual,OC71,"Building and related trades workers, excluding electricians",Y20-64,From 20 to 64 years,M,Males,THS_PER,Thousand persons,DE,Germany,2023,,969.6,,,,,
dataflow,ESTAT:LFSA_EGAI2D(1.0),Employed persons by detailed occupation (ISCO-08 two digit level),A,Annual,OC71,"Building and related trades workers, excluding electricians",Y20-64,From 20 to 64 years,T,Total,THS_PER,Thousand persons,DE,Germany,2023,,1001.9,,,,,
dataflow,ESTAT:LFSA_EGAI2D(1.0),Employed persons by detailed occupation (ISCO-08 two digit level),A,Annual,OC72,"Metal, machinery and related trades workers",Y20-64,From 20 to 64 years,F,Females,THS_PER,Thousand persons,DE,Germany,2023,,91.5,,,,,
dataflow,ESTAT:LFSA_EGAI2D(1.0),Employed persons by detailed occupation (ISCO-08 two digit level),A,Annual,OC72,"Metal, machinery and related trades workers",Y20-64,From 20 to 64 years,M,Males,THS_PER,Thousand persons,DE,Germany,2023,,1658.0,,,,,
dataflow,ESTAT:LFSA_EGAI2D(1.0),Employed persons by detailed occupation (ISCO-08 two digit level),A,Annual,OC72,"Metal, machinery and related trades workers",Y20-64,From 20 to 64 years,T,Total,THS_PER,Thousand persons,DE,Germany,2023,,1749.5,,,,,
dataflow,ESTAT:LFSA_EGAI2D(1.0),Employed persons by detailed occupation (ISCO-08 two digit level),A,Annual,OC73,Handicraft and printing workers,Y20-64,From 20 to 64 years,F,Females,THS_PER,Thousand persons,DE,Germany,2023,,59.7,,,,,
dataflow,ESTAT:LFSA_EGAI2D(1.0),Employed persons by detailed occupation (ISCO-08 two digit level),A,Annual,OC73,Handicraft and printing workers,Y20-64,From 20 to 64 years,M,Males,THS_PER,Thousand persons,DE,Germany,2023,,121.9,,,,,
dataflow,ESTAT:LFSA_EGAI2D(1.0),Employed persons by detailed occupation (ISCO-08 two digit level),A,Annual,OC73,Handicraft and printing workers,Y20-64,From 20 to 64 years,T,Total,THS_PER,Thousand persons,DE,Germany,2023,,181.6,,,,,
dataflow,ESTAT:LFSA_EGAI2D(1.0),Employed persons by detailed occupation (ISCO-08 two digit level),A,Annual,OC74,Electrical and electronic trades workers,Y20-64,From 20 to 64 years,F,Females,THS_PER,Thousand persons,DE,Germany,2023,,59.7,,,,,
dataflow,ESTAT:LFSA_EGAI2D(1.0),Employed persons by detailed occupation (ISCO-08 two digit level),A,Annual,OC74,Electrical and electronic trades workers,Y20-64,From 20 to 64 years,M,Males,THS_PER,Thousand persons,DE,Germany,2023,,595.2,,,,,
dataflow,ESTAT:LFSA_EGAI2D(1.0),Employed persons by detailed occupation (ISCO-08 two digit level),A,Annual,OC74,Electrical and electronic trades workers,Y20-64,From 20 to 64 years,T,Total,THS_PER,Thousand persons,DE,Germany,2023,,654.9,,,,,
dataflow,ESTAT:LFSA_EGAI2D(1.0),Employed persons by detailed occupation (ISCO-08 two digit level),A,Annual,OC75,"Food processing, wood working, garment and other craft and related trades workers",Y20-64,From 20 to 64 years,F,Females,THS_PER,Thousand persons,DE,Germany,2023,,179.1,,,,,
dataflow,ESTAT:LFSA_EGAI2D(1.0),Employed persons by detailed occupation (ISCO-08 two digit level),A,Annual,OC75,"Food processing, wood working, garment and other craft and related trades workers",Y20-64,From 20 to 64 years,M,Males,THS_PER,Thousand persons,DE,Germany,2023,,414.8,,,,,
dataflow,ESTAT:LFSA_EGAI2D(1.0),Employed persons by detailed occupation (ISCO-08 two digit level),A,Annual,OC75,"Food processing, wood working, garment and other craft and related trades workers",Y20-64,From 20 to 64 years,T,Total,THS_PER,Thousand persons,DE,Germany,2023,,593.9,,,,,
dataflow,ESTAT:LFSA_EGAI2D(1.0),Employed persons by detailed occupation (ISCO-08 two digit level),A,Annual,OC8,Plant and machine operators and assemblers,Y20-64,From 20 to 64 years,F,Females,THS_PER,Thousand persons,DE,Germany,2023,,378.7,,,,,
dataflow,ESTAT:LFSA_EGAI2D(1.0),Employed persons by detailed occupation (ISCO-08 two digit level),A,Annual,OC8,Plant and machine operators and assemblers,Y20-64,From 20 to 64 years,M,Males,THS_PER,Thousand persons,DE,Germany,2023,,2082.2,,,,,
dataflow,ESTAT:LFSA_EGAI2D(1.0),Employed persons by detailed occupation (ISCO-08 two digit level),A,Annual,OC8,Plant and machine operators and assemblers,Y20-64,From 20 to 64 years,T,Total,THS_PER,Thousand persons,DE,Germany,2023,,2460.9,,,,,
dataflow,ESTAT:LFSA_EGAI2D(1.0),Employed persons by detailed occupation (ISCO-08 two digit level),A,Annual,OC81,Stationary plant and machine operators,Y20-64,From 20 to 64 years,F,Females,THS_PER,Thousand persons,DE,Germany,2023,,199.4,,,,,
dataflow,ESTAT:LFSA_EGAI2D(1.0),Employed persons by detailed occupation (ISCO-08 two digit level),A,Annual,OC81,Stationary plant and machine operators,Y20-64,From 20 to 64 years,M,Males,THS_PER,Thousand persons,DE,Germany,2023,,749.6,,,,,
dataflow,ESTAT:LFSA_EGAI2D(1.0),Employed persons by detailed occupation (ISCO-08 two digit level),A,Annual,OC81,Stationary plant and machine operators,Y20-64,From 20 to 64 years,T,Total,THS_PER,Thousand persons,DE,Germany,2023,,949.0,,,,,
dataflow,ESTAT:LFSA_EGAI2D(1.0),Employed persons by detailed occupation (ISCO-08 two digit level),A,Annual,OC82,Assemblers,Y20-64,From 20 to 64 years,F,Females,THS_PER,Thousand persons,DE,Germany,2023,,97.2,,,,,
dataflow,ESTAT:LFSA_EGAI2D(1.0),Employed persons by detailed occupation (ISCO-08 two digit level),A,Annual,OC82,Assemblers,Y20-64,From 20 to 64 years,M,Males,THS_PER,Thousand persons,DE,Germany,2023,,237.7,,,,,
dataflow,ESTAT:LFSA_EGAI2D(1.0),Employed persons by detailed occupation (ISCO-08 two digit level),A,Annual,OC82,Assemblers,Y20-64,From 20 to 64 years,T,Total,THS_PER,Thousand persons,DE,Germany,2023,,334.9,,,,,
dataflow,ESTAT:LFSA_EGAI2D(1.0),Employed persons by detailed occupation (ISCO-08 two digit level),A,Annual,OC83,Drivers and mobile plant operators,Y20-64,From 20 to 64 years,F,Females,THS_PER,Thousand persons,DE,Germany,2023,,82.1,,,,,
dataflow,ESTAT:LFSA_EGAI2D(1.0),Employed persons by detailed occupation (ISCO-08 two digit level),A,Annual,OC83,Drivers and mobile plant operators,Y20-64,From 20 to 64 years,M,Males,THS_PER,Thousand persons,DE,Germany,2023,,1095.0,,,,,
dataflow,ESTAT:LFSA_EGAI2D(1.0),Employed persons by detailed occupation (ISCO-08 two digit level),A,Annual,OC83,Drivers and mobile plant operators,Y20-64,From 20 to 64 years,T,Total,THS_PER,Thousand persons,DE,Germany,2023,,1177.0,,,,,
dataflow,ESTAT:LFSA_EGAI2D(1.0),Employed persons by detailed occupation (ISCO-08 two digit level),A,Annual,OC9,Elementary occupations,Y20-64,From 20 to 64 years,F,Females,THS_PER,Thousand persons,DE,Germany,2023,,1517.9,,,,,
dataflow,ESTAT:LFSA_EGAI2D(1.0),Employed persons by detailed occupation (ISCO-08 two digit level),A,Annual,OC9,Elementary occupations,Y20-64,From 20 to 64 years,M,Males,THS_PER,Thousand persons,DE,Germany,2023,,1302.0,,,,,
dataflow,ESTAT:LFSA_EGAI2D(1.0),Employed persons by detailed occupation (ISCO-08 two digit level),A,Annual,OC9,Elementary occupations,Y20-64,From 20 to 64 years,T,Total,THS_PER,Thousand persons,DE,Germany,2023,,2819.9,,,,,
dataflow,ESTAT:LFSA_EGAI2D(1.0),Employed persons by detailed occupation (ISCO-08 two digit level),A,Annual,OC91,Cleaners and helpers,Y20-64,From 20 to 64 years,F,Females,THS_PER,Thousand persons,DE,Germany,2023,,895.4,,,,,
dataflow,ESTAT:LFSA_EGAI2D(1.0),Employed persons by detailed occupation (ISCO-08 two digit level),A,Annual,OC91,Cleaners and helpers,Y20-64,From 20 to 64 years,M,Males,THS_PER,Thousand persons,DE,Germany,2023,,196.7,,,,,
dataflow,ESTAT:LFSA_EGAI2D(1.0),Employed persons by detailed occupation (ISCO-08 two digit level),A,Annual,OC91,Cleaners and helpers,Y20-64,From 20 to 64 years,T,Total,THS_PER,Thousand persons,DE,Germany,2023,,1092.0,,,,,
dataflow,ESTAT:LFSA_EGAI2D(1.0),Employed persons by detailed occupation (ISCO-08 two digit level),A,Annual,OC92,"Agricultural, forestry and fishery labourers",Y20-64,From 20 to 64 years,F,Females,THS_PER,Thousand persons,DE,Germany,2023,,30.5,,,,,
dataflow,ESTAT:LFSA_EGAI2D(1.0),Employed persons by detailed occupation (ISCO-08 two digit level),A,Annual,OC92,"Agricultural, forestry and fishery labourers",Y20-64,From 20 to 64 years,M,Males,THS_PER,Thousand persons,DE,Germany,2023,,83.8,,,,,
dataflow,ESTAT:LFSA_EGAI2D(1.0),Employed persons by detailed occupation (ISCO-08 two digit level),A,Annual,OC92,"Agricultural, forestry and fishery labourers",Y20-64,From 20 to 64 years,T,Total,THS_PER,Thousand persons,DE,Germany,2023,,114.2,,,,,
dataflow,ESTAT:LFSA_EGAI2D(1.0),Employed persons by detailed occupation (ISCO-08 two digit level),A,Annual,OC93,"Labourers in mining, construction, manufacturing and transport",Y20-64,From 20 to 64 years,F,Females,THS_PER,Thousand persons,DE,Germany,2023,,329.0,,,,,
dataflow,ESTAT:LFSA_EGAI2D(1.0),Employed persons by detailed occupation (ISCO-08 two digit level),A,Annual,OC93,"Labourers in mining, construction, manufacturing and transport",Y20-64,From 20 to 64 years,M,Males,THS_PER,Thousand persons,DE,Germany,2023,,796.0,,,,,
dataflow,ESTAT:LFSA_EGAI2D(1.0),Employed persons by detailed occupation (ISCO-08 two digit level),A,Annual,OC93,"Labourers in mining, construction, manufacturing and transport",Y20-64,From 20 to 64 years,T,Total,THS_PER,Thousand persons,DE,Germany,2023,,1125.0,,,,,
dataflow,ESTAT:LFSA_EGAI2D(1.0),Employed persons by detailed occupation (ISCO-08 two digit level),A,Annual,OC94,Food preparation assistants,Y20-64,From 20 to 64 years,F,Females,THS_PER,Thousand persons,DE,Germany,2023,,201.0,,,,,
dataflow,ESTAT:LFSA_EGAI2D(1.0),Employed persons by detailed occupation (ISCO-08 two digit level),A,Annual,OC94,Food preparation assistants,Y20-64,From 20 to 64 years,M,Males,THS_PER,Thousand persons,DE,Germany,2023,,98.6,,,,,
dataflow,ESTAT:LFSA_EGAI2D(1.0),Employed persons by detailed occupation (ISCO-08 two digit level),A,Annual,OC94,Food preparation assistants,Y20-64,From 20 to 64 years,T,Total,THS_PER,Thousand persons,DE,Germany,2023,,299.6,,,,,
dataflow,ESTAT:LFSA_EGAI2D(1.0),Employed persons by detailed occupation (ISCO-08 two digit level),A,Annual,OC95,Street and related sales and service workers,Y20-64,From 20 to 64 years,F,Females,THS_PER,Thousand persons,DE,Germany,2023,,,,u,low reliability,,
dataflow,ESTAT:LFSA_EGAI2D(1.0),Employed persons by detailed occupation (ISCO-08 two digit level),A,Annual,OC95,Street and related sales and service workers,Y20-64,From 20 to 64 years,M,Males,THS_PER,Thousand persons,DE,Germany,2023,,,,u,low reliability,,
dataflow,ESTAT:LFSA_EGAI2D(1.0),Employed persons by detailed occupation (ISCO-08 two digit level),A,Annual,OC95,Street and related sales and service workers,Y20-64,From 20 to 64 years,T,Total,THS_PER,Thousand persons,DE,Germany,2023,,,,u,low reliability,,
dataflow,ESTAT:LFSA_EGAI2D(1.0),Employed persons by detailed occupation (ISCO-08 two digit level),A,Annual,OC96,Refuse workers and other elementary workers,Y20-64,From 20 to 64 years,F,Females,THS_PER,Thousand persons,DE,Germany,2023,,61.6,,,,,
dataflow,ESTAT:LFSA_EGAI2D(1.0),Employed persons by detailed occupation (ISCO-08 two digit level),A,Annual,OC96,Refuse workers and other elementary workers,Y20-64,From 20 to 64 years,M,Males,THS_PER,Thousand persons,DE,Germany,2023,,125.2,,,,,
dataflow,ESTAT:LFSA_EGAI2D(1.0),Employed persons by detailed occupation (ISCO-08 two digit level),A,Annual,OC96,Refuse workers and other elementary workers,Y20-64,From 20 to 64 years,T,Total,THS_PER,Thousand persons,DE,Germany,2023,,186.8,,,,,
dataflow,ESTAT:LFSA_EGAI2D(1.0),Employed persons by detailed occupation (ISCO-08 two digit level),A,Annual,TOTAL,Total,Y20-64,From 20 to 64 years,F,Females,THS_PER,Thousand persons,DE,Germany,2023,,18742.2,,,,,
dataflow,ESTAT:LFSA_EGAI2D(1.0),Employed persons by detailed occupation (ISCO-08 two digit level),A,Annual,TOTAL,Total,Y20-64,From 20 to 64 years,M,Males,THS_PER,Thousand persons,DE,Germany,2023,,20976.1,,,,,
dataflow,ESTAT:LFSA_EGAI2D(1.0),Employed persons by detailed occupation (ISCO-08 two digit level),A,Annual,TOTAL,Total,Y20-64,From 20 to 64 years,T,Total,THS_PER,Thousand persons,DE,Germany,2023,,39718.2,,,,,
